machine_id,risque,temperature_C,vibration,pression_bar,age_ans,production_jour,panne,ville_Abomey-Calavi,ville_Cotonou,ville_Parakou,ville_Porto-Novo,type_machine_Compresseur,type_machine_Moteur,type_machine_Pompe,risque_encoded,temp_par_vibration,machine_ancienne
M0001,Faible,-0.05495204806630665,-0.39407516499323525,-0.4961250262698255,0.8373623698709991,-0.40782197273339216,0,True,False,False,False,True,False,False,0,0.13980035616661857,1
M0002,Moyen,-0.7198039876339619,-0.20991483021312687,-0.36632102366830555,0.20746590059490413,0.3562942835324574,0,False,True,False,False,False,True,False,1,3.445442273770826,1
M0003,Faible,0.7642405203295558,-0.05810698667817284,0.35687270511159874,1.2572933493883958,-0.4865478212907228,0,False,False,True,False,False,False,True,0,-13.382609813339359,1
M0004,Faible,0.17062271714414873,-0.3343474888483352,0.11580812885163119,-0.002499589163794205,0.6421378007775305,0,True,False,False,False,False,False,True,0,-0.511846415083624,0
M0005,Moyen,0.3605804141634783,0.357498093163423,0.023090984136257674,0.8373623698709991,-1.65803071673578,0,False,False,True,False,False,True,False,1,1.0058084576731794,1
M0006,Faible,-0.4111227299775509,0.2878158043277065,0.13435155779470526,-0.21246507892249253,0.34509302185852847,0,False,False,False,True,False,False,True,0,-1.423477260652496,0
M0007,Faible,0.7048787400110151,-0.05810698667817284,0.4681332787700447,0.8373623698709991,0.32078839747170157,0,False,False,True,False,False,False,True,0,-12.343126139422631,1
M0008,Moyen,0.6930063839473076,0.800478357904765,-0.8484501761882406,-1.0523270379572858,-0.045260380249900284,0,False,False,True,False,False,False,True,1,0.8646601335050067,0
M0009,Élevé,0.4674316187368523,0.7357733754144563,-1.590187333911219,0.20746590059490413,-1.0045533375699642,0,False,False,False,True,True,False,False,2,0.6344306598673011,1
M0010,Faible,-0.5773357148694639,-0.777327753589677,2.0628681678744454,1.4672588391470942,-0.2525893934975281,0,False,False,False,True,False,False,True,0,0.7436752224816259,1
M0011,Faible,0.7761128763932633,0.7805691325231316,0.5608504234854166,0.41743139035360244,-1.1312544012212924,0,False,False,True,False,False,True,False,0,0.9930188438836447,1
M0012,Moyen,-0.7435486997613786,-0.9067377185702936,0.11580812885163119,1.0473278596296975,0.47454156478836745,0,False,True,False,False,False,False,True,1,0.8209315837426642,1
M0013,Faible,-1.2659323665645366,0.7805691325231316,-1.0709713235051341,0.41743139035360244,-1.3771537966480152,0,False,False,True,False,False,False,True,0,-1.619731785565456,1
M0014,Faible,0.8710917249029297,-0.41896169672027683,0.13435155779470526,-0.21246507892249253,-0.10538790753731121,0,False,False,True,False,False,True,False,0,-2.08414247462947,0
M0015,Élevé,0.016282088315943213,0.21813351549199,1.4138481548668407,-1.6822235072333809,-0.7670020522587169,0,False,True,False,False,False,False,True,2,0.0743021362085453,0
M0016,Faible,-1.3252941468830775,0.04392779340269804,1.6363693021837342,1.6772243289057924,-1.600967685566708,0,False,False,False,True,False,True,False,0,-29.498313772149107,1
M0017,Faible,-0.5061015784872157,0.29279311067311475,0.3939595629977468,-0.002499589163794205,-0.1558992573499341,0,False,True,False,False,False,False,True,0,-1.7226461754929419,0
M0018,Moyen,0.1468780050167321,-0.881851186843252,1.1171532917776494,-1.4722580174746824,1.0574298609524424,0,False,False,True,False,False,True,False,1,-0.16674553796437028,0
M0019,Moyen,1.0254323537311354,0.8502514213588481,0.22706870251007713,-0.002499589163794205,0.6958193189884351,0,True,False,False,False,False,False,True,1,1.204617493729694,0
M0020,Élevé,-0.07869676019372158,0.3774073185450564,-0.9967976077328362,-0.6323960584398892,-0.5850343861973432,0,False,True,False,False,False,False,True,2,-0.20796838839244405,0
M0021,Moyen,-0.612952783060588,0.02899587436647314,-1.2193187550497298,-0.002499589163794205,-0.12197845548831915,0,False,False,False,True,True,False,False,1,-20.434569620204,0
M0022,Moyen,-0.8385275482710434,0.6860003119603731,-1.553100476025069,-1.6822235072333809,0.10479425726877022,0,True,False,False,False,False,False,True,1,-1.2205635625961848,0
M0023,Faible,-1.1115917377363302,-0.11534600965036856,-0.6815593157005709,-0.8423615481985876,0.7597510483537842,0,False,False,False,True,False,True,False,0,9.721298899150062,0
M0024,Faible,0.016282088315943213,1.1737763338103901,1.0800664338915014,-1.0523270379572858,-0.09756815882154951,0,False,False,False,True,False,False,True,0,0.013859734697865608,0
M0025,Faible,-0.5892080709331731,-0.05810698667817284,-0.36632102366830555,0.20746590059490413,0.9311514864208853,0,False,False,True,False,False,True,False,0,10.317617951962038,1
M0026,Moyen,0.6930063839473076,1.1687990274649813,1.9516075942159996,-0.6323960584398892,-0.18844631957229363,0,False,True,False,False,False,False,True,1,0.5924149086096357,0
M0027,Faible,-0.5179739345509232,-0.5185078236284436,1.1171532917776494,-0.8423615481985876,0.1371299749312443,0,False,True,False,False,True,False,False,0,1.000900683818095,0
M0028,Élevé,1.0966664901133836,0.07379163147514807,0.8390018576315338,-0.002499589163794205,-0.09682845286195042,0,True,False,False,False,False,False,True,2,14.662957184959742,0
M0029,Moyen,-0.06682440413001411,-1.1904441802585688,-0.9597107498466865,1.4672588391470942,-0.17375787266025475,0,False,True,False,False,False,False,True,1,0.056181202312064284,1
M0030,Faible,0.15875036108044124,0.05388240609351472,-0.16234330529448607,0.20746590059490413,0.059566521453283616,0,False,True,False,False,True,False,False,0,2.892554688836798,1
M0031,Faible,0.02815444437965068,-0.5433943553554852,0.78337157080231,1.0473278596296975,-0.17259547758088475,0,True,False,False,False,False,True,False,0,-0.051907701659613066,1
M0032,Moyen,-0.00746262381147341,-0.5881901124641603,-0.8669936051313146,-1.4722580174746824,1.3965322072886492,0,False,False,True,False,False,False,True,1,0.012709042017339654,0
M0033,Moyen,-0.05495204806630665,0.4520669137261816,0.8946321444607576,-1.6822235072333809,-1.3025491670084508,0,True,False,False,False,True,False,False,1,-0.121289033477112,0
M0034,Faible,-0.5179739345509232,-0.16014176675904349,1.1727835786068732,0.8373623698709991,1.1609886952963138,0,False,False,True,False,False,False,True,0,3.254795677461514,1
M0035,Moyen,-0.33988859359530105,0.5665449596705731,0.5608504234854166,-1.4722580174746824,0.6186785546302453,0,True,False,False,False,False,True,False,1,-0.5988751865448452,0
M0036,Faible,-0.09056911625743075,-0.7823050599350853,-1.4418399023666233,1.6772243289057924,0.21257998281035045,0,False,True,False,False,False,True,False,0,0.11592029912740573,1
M0037,Élevé,0.7286234521384317,-0.05810698667817284,0.319785847225449,-1.6822235072333809,0.8600340420194309,0,False,False,True,False,False,True,False,2,-12.758919608989327,0
M0038,Élevé,-0.7791657679525027,0.05388240609351472,-1.237862183992804,-0.8423615481985876,0.8542220666225809,0,False,True,False,False,True,False,False,2,-14.197004530465989,0
M0039,Faible,1.4528371720246278,-1.4990371736738852,1.5251087285252884,-0.4224305686811909,-0.5195175726328533,0,True,False,False,False,False,False,True,0,-0.9698271829006713,0
M0040,Faible,-0.755421055825086,-0.8071915916621271,-0.6259290288713472,-0.6323960584398892,-0.9562611056361386,0,False,False,True,False,False,True,False,0,0.9370242305152708,0
M0041,Moyen,-0.3873780178501343,-0.18005099214067685,0.11580812885163119,1.2572933493883958,1.8106618723841914,0,False,True,False,False,False,False,True,1,2.163506681637257,1
M0042,Élevé,0.21811214139898197,-1.3497179833116353,0.06017784202240741,-0.4224305686811909,0.6493235158136358,0,False,True,False,False,False,False,True,2,-0.16171812350527906,0
M0043,Faible,0.27747392171752266,0.07379163147514807,-0.5702987420421233,1.4672588391470942,0.3498482744559511,0,False,True,False,False,True,False,False,0,3.7099594733365633,1
M0044,Faible,-0.7198039876339619,1.5760579158834116,0.8760887155176819,-0.8423615481985876,1.844688346525749,0,True,False,False,False,False,False,True,0,-0.4564220377605812,0
M0045,Moyen,0.9304535052214705,0.28283849798229826,0.319785847225449,0.41743139035360244,-0.14543770163560427,0,False,False,True,False,False,False,True,1,3.27810889585351,1
M0046,Faible,-0.05495204806630665,-0.628008563227427,1.9145207363298515,1.0473278596296975,-0.3668211281156146,0,False,True,False,False,False,False,True,0,0.0876416229205064,1
M0047,Faible,0.11126093682560802,-0.05810698667817284,-1.553100476025069,0.20746590059490413,0.7753905457853075,0,False,False,True,False,False,True,False,0,-1.948289400255357,1
M0048,Moyen,0.8236023006480966,-1.2651037754396937,0.004547555193183629,-0.002499589163794205,0.17876485322867822,0,False,False,True,False,False,False,True,1,-0.6515306074152201,0
M0049,Faible,0.8117299445843891,-0.05810698667817284,0.33832927616852304,1.6772243289057924,-0.1147927404522138,0,False,False,True,False,False,False,True,0,-14.214196752472752,1
M0050,Faible,-0.05495204806630665,-1.1157845850774437,-0.1994301631806358,-1.4722580174746824,-0.4585446671059005,0,True,False,False,False,False,False,True,0,0.04929387148144782,0
M0051,Moyen,0.34870805809977085,0.6611137802333316,-1.2934924708220277,1.2572933493883958,0.15308648920259588,0,True,False,False,False,False,False,True,1,0.5266588138021908,1
M0052,Moyen,0.5624104672465171,-0.21986944290394356,-1.2934924708220277,0.8373623698709991,-0.7734480613352231,0,False,False,False,True,False,False,True,1,-2.5696162049142024,1
M0053,Moyen,-0.09056911625743075,-1.359672596002452,0.11580812885163119,-0.4224305686811909,0.9710956082392356,0,False,True,False,False,False,False,True,1,0.06666000074183236,0
M0054,Élevé,0.4911763308642689,0.19324698376494798,-0.7928198893590168,0.20746590059490413,-0.789298903326632,0,False,True,False,False,False,False,True,2,2.5286175432130547,1
M0055,Moyen,-0.07869676019372158,-0.5234851299738519,-1.9425124838296324,0.6273968801123008,-0.4975377384047663,0,False,True,False,False,False,True,False,1,0.15062009553776204,1
M0056,Élevé,-0.16180325263967893,-0.2895517317396603,-1.3676661865943254,-1.0523270379572858,-0.24339590514251097,0,False,False,True,False,False,False,True,2,0.5607426150734818,0
M0057,Faible,-0.0430796920025975,-0.20493752386771866,0.17143841568085333,-1.2622925277159842,-0.8659113062851082,0,False,False,True,False,False,False,True,0,0.21123965411358317,0
M0058,Faible,0.9898152855400112,0.33758886778178965,0.4681332787700447,-0.21246507892249253,1.1949094971579286,0,False,True,False,False,False,True,False,0,2.9233544860013456,0
M0059,Moyen,-0.12618618444855484,-0.41896169672027683,-0.14379987635141203,-1.4722580174746824,-0.5319869016660949,0,True,False,False,False,True,False,False,1,0.301908489315483,0
M0060,Moyen,0.9423258612851779,0.20320159645576485,0.6164807103146404,0.6273968801123008,0.5268493433600167,0,False,True,False,False,False,True,False,1,4.614684104535437,1
M0061,Faible,0.02815444437965068,-0.7972369789713103,0.023090984136257674,1.2572933493883958,-0.8139205445532871,0,False,False,False,True,False,False,True,0,-0.03535937807865255,1
M0062,Faible,1.2391347628778815,-0.49859859824681024,0.20852527356700307,-1.2622925277159842,1.9333473893976958,0,False,False,False,True,True,False,False,0,-2.490229609254782,0
M0063,Moyen,-0.9335063967807081,0.1434739203108648,-1.3676661865943254,0.8373623698709991,0.3901094131141296,0,True,False,False,False,False,True,False,1,-6.461418052282935,1
M0064,Faible,-0.8741446164621675,0.6262726358154731,-0.8113633183020909,-0.6323960584398892,0.6730997788007491,0,True,False,False,False,False,False,True,0,-1.3935640845001207,0
M0065,Élevé,0.7167510960747225,-0.12530062234118525,0.78337157080231,0.8373623698709991,-0.03141731157740322,0,False,True,False,False,False,True,False,2,-5.766271178493024,1
M0066,Moyen,1.5240713084068775,-0.29452903808506853,0.22706870251007713,-1.0523270379572858,0.4183239118588374,0,True,False,False,False,False,False,True,1,-5.19223351239676,0
M0067,Moyen,-0.26865445721305287,0.1384966139654566,0.5423069945423425,1.6772243289057924,-0.5824982514787178,0,False,True,False,False,False,False,True,1,-1.9258851492953046,1
M0068,Faible,-1.7526989651765705,0.21315620914658132,1.0058927181192034,-0.21246507892249253,-0.13814631431955618,0,True,False,False,False,True,False,False,0,-8.184208023484944,0
M0069,Moyen,1.1679006264956333,-0.6827589330269187,-2.5544456389510892,0.41743139035360244,0.36316298172873457,0,False,False,True,False,True,False,False,1,-1.713069781587328,1
M0070,Moyen,0.5980275354376412,1.7063481127690814,0.5979372813715663,1.0473278596296975,-0.949181062879976,0,False,True,False,False,False,False,True,1,0.35026690278628864,1
M0071,Faible,-0.5179739345509232,-0.3691886332661937,0.6906544260869382,-1.6822235072333809,-0.4806301736139302,0,False,True,False,False,False,True,False,0,1.4068167448733744,0
M0072,Moyen,1.4409648159609203,-0.896783105879477,0.0972646999085555,-0.6323960584398892,1.0097716626982731,0,True,False,False,False,False,False,True,1,-1.6086090555885018,0
M0073,Faible,1.393475391706087,-0.13027792868659369,0.24561213145315117,-0.8423615481985876,0.6960306635483205,0,False,True,False,False,False,False,True,0,-10.778911805465773,0
M0074,Moyen,-0.39925037391384177,0.14845122665627303,-1.2564056129358778,1.0473278596296975,0.04804824293952652,0,False,True,False,False,False,True,False,1,-2.671442602689964,1
M0075,Moyen,-0.19742032083080302,-0.14023254137741037,0.5793938524284923,0.6273968801123008,0.7417867607635208,0,True,False,False,False,False,False,True,1,1.4179179585300112,1
M0076,Faible,0.7642405203295558,-0.4886439855559936,0.4866767077131187,0.41743139035360244,0.14716884152580323,0,False,False,True,False,False,False,True,0,-1.5672099789320628,1
M0077,Faible,0.7642405203295558,-0.14023254137741037,0.1899818446239274,-0.21246507892249253,1.0207615798123166,0,False,False,False,True,False,True,False,0,-5.4889504477115665,0
M0078,Moyen,1.4053477477697962,0.21813351549199,0.7462847129161619,-1.2622925277159842,-0.29105410339668025,0,False,False,False,True,True,False,False,1,6.413203131499827,0
M0079,Moyen,0.6098998915013503,-0.508553210937627,1.5065652995822143,-1.4722580174746824,-0.9257218167326908,0,False,False,False,True,False,True,False,1,-1.2016471935516937,0
M0080,Moyen,-0.05495204806630665,-0.6528950949544686,0.1899818446239274,1.6772243289057924,-0.35065326928437757,0,False,False,False,True,True,False,False,1,0.0842958452849607,1
M0081,Faible,-0.19742032083080302,-0.015799882742202016,-0.44049473944060336,-1.2622925277159842,1.2719445892361756,0,False,True,False,False,False,False,True,0,13.339316552005982,0
M0082,Faible,-0.6841869194428378,-0.020777189087610243,0.07872127096548145,-0.6323960584398892,-0.9086029073819694,0,False,True,False,False,False,False,True,0,34.594750366797996,0
M0083,Moyen,-0.43486744210496586,-0.8171462043529437,1.3582178680376187,-0.4224305686811909,-0.12842446456482542,0,False,True,False,False,False,True,False,1,0.5328303186188768,0
M0084,Faible,-0.05495204806630665,1.372868587626723,0.8204584286884598,-1.0523270379572858,0.12328690625874722,0,False,False,False,True,False,False,True,0,-0.039998038066532314,0
M0085,Moyen,0.004409732252234058,0.49686267083485647,-0.06962616057911421,-1.4722580174746824,-0.6948278850578352,0,False,True,False,False,True,False,False,1,0.008857326549185664,0
M0086,Faible,-0.6366974951880046,0.9298883228853816,-0.013995873749890418,-0.6323960584398892,0.2509390204295599,0,False,False,True,False,False,False,True,0,-0.6839676463171188,0
M0087,Moyen,0.8473470127755132,0.5615676533251648,0.3754161340546728,-0.8423615481985876,-0.3429391928485586,0,True,False,False,False,True,False,False,1,1.506213533193928,0
M0088,Moyen,1.2035176946867574,-0.986374620096827,-1.2007753261066556,-1.4722580174746824,0.3362165503433395,0,False,False,True,False,False,False,True,1,-1.2213808536782638,0
M0089,Faible,1.6071778008528332,1.1787536401557983,-0.9226238919605384,-1.2622925277159842,-0.23293434942818114,0,False,False,False,True,False,True,False,0,1.3622995057176424,0
M0090,Moyen,-0.3517609496590102,-1.090898053350402,0.4681332787700447,0.6273968801123008,0.6739451570402909,0,False,True,False,False,False,False,True,1,0.32274665376057804,1
M0091,Moyen,-1.064102313481498,-0.6777816266815102,0.35687270511159874,-1.0523270379572858,-0.4704856347394285,0,False,True,False,False,True,False,False,1,1.5722978750164252,0
M0092,Moyen,-0.25678210114934374,0.08374624416596475,-0.4961250262698255,1.4672588391470942,-1.4267140959411535,0,False,True,False,False,False,True,False,1,-3.0300115795865668,1
M0093,Faible,0.13500564895302464,-0.05810698667817284,-0.16234330529448607,-0.4224305686811909,1.5061143615892558,0,False,False,True,False,False,False,True,0,-2.3640828698220537,0
M0094,Faible,-0.3517609496590102,0.3525207868180148,-0.34777759472522984,1.2572933493883958,1.008714939898846,0,False,True,False,False,False,True,False,0,-0.99502196978332,1
M0095,Moyen,0.5149210429916855,0.47695344545322316,1.265500723322245,-1.6822235072333809,-0.11447572361238562,0,False,True,False,False,False,False,True,1,1.0773456031965782,0
M0096,Moyen,0.526793399055393,-0.1352552350320019,-0.3106907368390817,-1.2622925277159842,-0.09397530130349684,0,False,True,False,False,False,True,False,1,-3.9238201693202006,0
M0097,Faible,0.38432512629089494,0.9846386926848729,0.06017784202240741,-1.4722580174746824,-0.5839776633979159,0,False,False,True,False,True,False,False,0,0.3899249584490195,0
M0098,Faible,-3.806616564198079,-1.0112611518238688,-0.3292341657821558,-0.21246507892249253,1.2920223224252936,0,False,False,False,True,False,True,False,0,3.767953026131735,0
M0099,Moyen,0.8236023006480966,0.252974659909848,-1.2193187550497298,1.6772243289057924,-0.7393159149137227,0,False,True,False,False,False,True,False,1,3.242852263058236,1
M0100,Faible,-0.7316763436976694,0.39731654392668975,-2.3504679205772696,-0.4224305686811909,0.602616368078951,0,False,True,False,False,False,False,True,0,-1.836921802154255,0
M0101,Élevé,-2.180103783470063,1.1289805767017147,-0.8484501761882406,1.2572933493883958,0.41938063465826464,0,False,True,False,False,False,False,True,2,-1.9293285463662917,1
M0102,Faible,8.778080863332551,0.4869080581440396,2.5079104625082325,-1.6822235072333809,-0.49848878892425086,0,False,True,False,False,True,False,False,0,17.991260272936703,0
M0103,Moyen,1.0610494219222595,-1.046102296241727,-0.718646173586719,-0.6323960584398892,1.1125907910825452,0,False,True,False,False,False,False,True,1,-1.0152589136373344,0
M0104,Moyen,-0.05495204806630665,0.30772502970933985,0.4495898498269706,0.8373623698709991,-0.8915896703111905,0,False,True,False,False,False,False,True,1,-0.17799673747879532,1
M0105,Faible,-1.5271241999661154,-0.2795971190488436,0.11580812885163119,-0.6323960584398892,0.36569911644736,0,True,False,False,False,False,True,False,0,5.481478793391185,0
M0106,Moyen,-0.39925037391384177,0.03895048705728982,1.339674439094543,-1.4722580174746824,-0.09312992306395503,0,False,False,True,False,False,False,True,1,-9.993629698213905,0
M0107,Moyen,0.9660705734125946,0.2629292726006649,-0.7557330314728687,0.6273968801123008,0.19313628330088892,0,False,True,False,False,True,False,False,1,3.660338862352326,1
M0108,Faible,0.0518991565070673,0.6909776183057813,-1.5345570470819951,-1.0523270379572858,-1.375251695609046,0,False,False,False,True,False,True,False,0,0.07500120688026839,0
M0109,Moyen,-0.22116503295821963,-0.32439287615751855,-2.3319244916341955,-0.002499589163794205,-0.24191649322331282,0,False,True,False,False,True,False,False,1,0.6838896254798585,0
M0110,Faible,-1.2303152983734118,0.252974659909848,1.265500723322245,1.6772243289057924,0.3658047887273027,0,False,True,False,False,False,False,True,0,-4.844244299057748,1
M0111,Faible,-0.18554796476709554,0.611340716779248,0.6350241392577144,0.8373623698709991,-1.062884436098349,0,False,True,False,False,True,False,False,0,-0.3030142528215816,1
M0112,Élevé,-0.7435486997613786,0.4869080581440396,-2.461728494235717,-0.002499589163794205,0.17527766799056826,0,False,False,False,True,True,False,False,2,-1.5239524893066412,0
M0113,Moyen,1.227262406814174,0.5018399771802647,0.11580812885163119,1.0473278596296975,0.7150516739380112,0,False,True,False,False,True,False,False,1,2.440661965057342,1
M0114,Moyen,0.1468780050167321,-0.9913519264422354,-0.9597107498466865,1.4672588391470942,0.598812166001013,0,True,False,False,False,True,False,False,1,-0.14830890019508544,1
M0115,Faible,0.6098998915013503,0.22808812818280644,-0.18088673423756013,1.4672588391470942,-0.9488640460401478,0,False,False,False,True,True,False,False,0,2.6622937484332048,1
M0116,Élevé,-1.5983583363483642,0.6212953294700648,-0.8484501761882406,0.20746590059490413,0.7003632270259723,0,False,True,False,False,False,False,True,2,-2.568488401977075,1
M0117,Moyen,-0.14993089657597145,-0.05810698667817284,0.17143841568085333,-1.2622925277159842,-0.9047987053040312,0,False,False,True,False,True,False,False,1,2.6254387649782496,0
M0118,Faible,0.6098998915013503,0.22311082183739822,1.5807390153545104,0.6273968801123008,0.44484765412446153,0,True,False,False,False,False,True,False,0,2.7214209760198824,1
M0119,Moyen,1.4172201038335037,-0.2795971190488436,0.1899818446239274,1.4672588391470942,-1.4474258628099277,0,False,True,False,False,False,False,True,1,-5.086987649664234,1
M0120,Moyen,1.049177065858552,0.37243001219964816,0.319785847225449,1.2572933493883958,-0.5571369042924637,0,False,False,True,False,False,False,True,1,2.8095681428455377,1
M0121,Moyen,-0.8503999043347517,0.1434739203108648,0.22706870251007713,1.6772243289057924,-1.3003300491296534,0,True,False,False,False,False,True,False,1,-5.886182796901645,1
M0122,Moyen,-0.05495204806630665,-0.5881901124641603,-0.3106907368390817,-0.4224305686811909,1.0882861666957184,0,False,False,False,True,False,True,False,1,0.0935847639458689,0
M0123,Moyen,-0.26865445721305287,0.28283849798229826,0.11580812885163119,-0.6323960584398892,0.40014827970868855,0,False,True,False,False,False,False,True,1,-0.9465046465606919,0
M0124,Faible,-0.3873780178501343,0.23306543452821468,0.9131755734038316,1.4672588391470942,-1.069330445174855,0,False,False,True,False,False,False,True,0,-1.6549988195862344,1
M0125,Faible,-0.39925037391384177,-0.8619419614616186,1.4694784416960645,-0.002499589163794205,-0.9242424048134927,0,False,True,False,False,True,False,False,0,0.4637366881688931,0
M0126,Faible,-1.1234640938000386,-0.20991483021312687,0.6535675682007884,1.4672588391470942,0.38810163979521783,0,False,True,False,False,False,True,False,0,5.377617724188962,1
M0127,Moyen,-0.4229950860412584,-0.26964250635802695,-0.013995873749890418,-0.4224305686811909,0.09105686087621588,0,False,False,True,False,False,False,True,1,1.5745649926207943,0
M0128,Élevé,-0.7316763436976694,-0.8420327360799853,0.6350241392577144,1.0473278596296975,-0.3985228120984323,0,False,True,False,False,True,False,False,2,0.8699736791554381,1
M0129,Faible,-0.5417186466783398,0.5764995723613899,0.8390018576315338,0.8373623698709991,-0.16192257730666945,0,False,True,False,False,False,True,False,0,-0.9380416412487679,1
M0130,Faible,-0.755421055825086,-0.5135305172830354,0.11580812885163119,0.20746590059490413,0.07890454868280242,0,True,False,False,False,True,False,False,0,1.4739045390499523,1
M0131,Faible,-0.3636333057227177,-0.02575449543301847,-0.8299067472451666,1.2572933493883958,-0.47714298837582025,0,False,True,False,False,False,True,False,0,14.689586653327218,1
M0132,Moyen,0.5030486869279763,-1.3795818213840854,0.6906544260869382,1.4672588391470942,-1.4584157799239712,0,False,True,False,False,False,False,True,1,-0.36490303232268023,1
M0133,Faible,-0.7672934118887952,-0.1900056048314935,-1.3676661865943254,-0.21246507892249253,-0.8605220200080291,0,False,True,False,False,False,False,True,0,4.059633112853292,0
M0134,Élevé,-1.1946982301822877,-0.9166923312611104,0.5423069945423425,-1.0523270379572858,0.1392434205300988,0,False,False,False,True,False,True,False,2,1.3046939341917658,0
M0135,Moyen,0.38432512629089494,0.1285420012746397,-0.9597107498466865,-0.4224305686811909,0.2696430139794223,0,False,True,False,False,False,False,True,1,2.96679935858096,0
M0136,Faible,-0.16180325263967893,-0.27461981270343516,-1.0338844656189843,-0.6323960584398892,0.5191352669241978,0,False,False,False,True,False,True,False,0,0.591343335268819,0
M0137,Faible,0.4911763308642689,0.47695344545322316,-0.25506045000985794,-1.0523270379572858,0.46112118523564133,0,True,False,False,False,False,False,True,0,1.0276656346697262,0
M0138,Faible,-0.9572511089081248,0.9199337101945647,-0.9226238919605384,-0.6323960584398892,-0.1895030423717209,0,False,True,False,False,True,False,False,0,-1.0394354102923298,0
M0139,Faible,-0.23303738902192878,-1.1954214866039772,-0.1067130184652623,0.8373623698709991,-0.296549061953702,0,False,False,True,False,False,True,False,0,0.1951048198944488,1
M0140,Moyen,-0.8741446164621675,-0.0556183335054685,0.1899818446239274,-1.0523270379572858,0.9079035848334855,0,False,False,False,True,False,False,True,1,16.004600659861698,0
M0141,Faible,-1.3371665029467856,-0.05810698667817284,-0.2921473078960077,0.8373623698709991,-0.9438974488828397,0,False,False,True,False,False,True,False,0,23.415112243312798,1
M0142,Moyen,-0.5892080709331731,-0.463757453828952,0.26415556039622523,-0.6323960584398892,-0.6039497243070912,0,False,True,False,False,True,False,False,1,1.2732546306017163,0
M0143,Faible,-0.25678210114934374,-0.6180539505366104,1.1727835786068732,-1.0523270379572858,0.8675367738953643,0,False,True,False,False,False,True,False,0,0.4161420584473004,0
M0144,Élevé,0.13500564895302464,-0.1750736857952686,-0.03253930269296446,-0.21246507892249253,0.43840164504795526,0,False,True,False,False,False,False,True,2,-0.7755660962553947,0
M0145,Faible,-1.2184429423097043,0.23306543452821468,-0.4034078815544536,-1.4722580174746824,-0.7432257892716035,0,False,False,False,True,False,False,True,0,-5.205565464057577,0
M0146,Moyen,0.5386657551191004,0.28283849798229826,0.319785847225449,-1.2622925277159842,-1.4165695570666519,0,False,True,False,False,False,False,True,1,1.897789619619163,0
M0147,Moyen,0.8236023006480966,0.5665449596705731,0.30124241828237497,-0.4224305686811909,-1.2116710062577067,0,False,True,False,False,False,False,True,1,1.4511666196915043,0
M0148,Faible,0.1468780050167321,-0.11036870330496033,-1.4974701891958453,-0.6323960584398892,0.19524972889974343,0,True,False,False,False,True,False,False,0,-1.342961931323095,0
M0149,Faible,-0.5298462906146323,0.5466357342889396,-0.2365170210667839,-0.21246507892249253,-0.5821812346388896,0,False,False,False,True,False,False,True,0,-0.967515918775086,0
M0150,Faible,-0.9097616846532924,0.34256617412719836,-1.163688468220506,1.0473278596296975,0.24967095307024717,0,False,True,False,False,False,True,False,0,-2.6479955046927053,1
M0151,Faible,0.7523681642658484,0.5715222660159817,1.265500723322245,0.6273968801123008,2.4546556092735887,0,False,False,False,True,False,False,True,0,1.3141290896882716,1
M0152,Faible,-0.8860169725258757,0.5416584279435315,-1.1451450392774318,0.20746590059490413,0.39718945587029225,0,True,False,False,False,False,True,False,0,-1.6327341968750808,1
M0153,Faible,1.0373047097948427,0.33758886778178965,-0.6815593157005709,1.6772243289057924,-0.653721368160115,0,False,True,False,False,False,True,False,0,3.063611383890372,1
M0154,Faible,-1.800188389431403,0.5167718962164899,-0.013995873749890418,-1.4722580174746824,-0.018947982544161582,0,False,True,False,False,True,False,False,0,-3.4767981858148427,0
M0155,Faible,-1.8951672379410678,-0.463757453828952,-2.4802719231787913,1.4672588391470942,1.2603206384424759,0,False,True,False,False,False,False,True,0,4.095379171659057,1
M0156,Faible,0.25372920959010603,-1.3049222262029605,-2.035229628545004,1.2572933493883958,0.18573922370489812,0,False,False,False,True,False,False,True,0,-0.19458922050049637,1
M0157,Faible,-1.2896770786919525,-0.8221235106983519,-0.7557330314728687,0.8373623698709991,0.5092020726095815,0,False,True,False,False,False,False,True,0,1.5706249570117699,1
M0158,Faible,0.7642405203295558,0.22808812818280644,-0.42195131049752765,1.2572933493883958,-0.9396705576851306,0,False,True,False,False,False,False,True,0,3.3360110207007825,1
M0159,Moyen,-0.5298462906146323,-0.04566372081465182,-1.627274191797367,-0.6323960584398892,-0.7449165457506872,0,True,False,False,False,False,False,True,1,11.863012775254889,0
M0160,Moyen,-0.6010804269968805,-0.37416593961160194,-0.1994301631806358,0.6273968801123008,-1.1724665903989555,0,True,False,False,False,False,False,True,1,1.610759083807317,1
M0161,Moyen,0.1468780050167321,0.7556826007960896,0.26415556039622523,1.2572933493883958,0.5923661569245067,0,False,True,False,False,True,False,False,1,0.194107813318563,1
M0162,Faible,0.8592193688392207,0.40229385027209796,0.28269898933930093,0.20746590059490413,-0.7857060458085793,0,False,True,False,False,False,True,False,0,2.130504514907715,1
M0163,Moyen,0.633644603628767,0.9547748546124232,1.339674439094543,1.0473278596296975,0.11430476246361554,0,True,False,False,False,False,False,True,1,0.6629642960064236,1
M0164,Élevé,-0.2805268132767603,-0.7375093028264103,0.4681332787700447,-1.0523270379572858,1.0554220876335307,0,True,False,False,False,True,False,False,2,0.3808869924659708,0
M0165,Faible,-0.4111227299775509,-0.34927940788456036,-0.44049473944060336,1.4672588391470942,-0.9251934553329773,0,False,True,False,False,False,True,False,0,1.1804393847879182,1
M0166,Moyen,0.633644603628767,0.21315620914658132,1.1356967207207251,-0.4224305686811909,-0.15410282859090776,0,False,False,True,False,False,True,False,1,2.9587963204702725,0
M0167,Moyen,-0.8029104800799193,-0.05810698667817284,0.9502624312899798,1.6772243289057924,-1.2113539894178784,0,False,False,True,False,True,False,False,1,14.059759178062253,1
M0168,Faible,-0.9572511089081248,0.84527411501344,-0.4590381683836774,1.0473278596296975,0.22906485848141564,0,False,True,False,False,False,False,True,0,-1.131135990013026,1
M0169,Moyen,-0.9097616846532924,0.18329237107413152,-0.8669936051313146,-0.4224305686811909,-0.253012082617299,0,False,True,False,False,False,False,True,1,-4.9365129948181155,0
M0170,Moyen,2.877519899669605,0.9099790975037483,0.41250299194082085,-0.002499589163794205,0.5301251840382412,0,False,False,True,False,False,True,False,1,3.1587112235116517,0
M0171,Faible,1.2866241871327146,0.7507052944506815,0.3754161340546728,1.2572933493883958,0.12909888165559713,0,False,False,True,False,False,False,True,0,1.7116071905186356,1
M0172,Moyen,0.419942194482019,0.08374624416596475,1.4509350127529905,1.2572933493883958,0.6534447347314021,0,False,False,False,True,False,True,False,1,4.955289743101955,1
M0173,Faible,-0.3280162375315936,-0.05810698667817284,0.22706870251007713,0.6273968801123008,-1.2343905464453926,0,False,False,True,False,False,False,True,0,5.743889786728432,1
M0174,Faible,0.47930397480055975,0.23306543452821468,1.0615230049484272,-1.4722580174746824,-0.9371344229665053,0,True,False,False,False,True,False,False,0,2.0477349667910216,0
M0175,Faible,-1.4677624196475745,0.2728838852914814,1.2469572943791711,1.0473278596296975,0.43428042613018897,0,False,True,False,False,False,False,True,0,-5.359068198136249,1
M0176,Élevé,-0.22116503295821963,-0.6827589330269187,0.33832927616852304,0.8373623698709991,0.13617892441175974,0,False,True,False,False,False,False,True,2,0.3244035717673348,1
M0177,Faible,0.8473470127755132,-0.05810698667817284,0.8390018576315338,1.2572933493883958,-0.3354364609726251,0,False,False,True,False,False,True,False,0,-14.837886956822784,1
M0178,Faible,0.20623978533527282,-0.48366667921058537,-1.3305793287081757,0.41743139035360244,-0.7097276765297595,0,False,True,False,False,True,False,False,0,-0.4272923618273871,1
M0179,Moyen,-1.0166128892266655,0.1434739203108648,-0.8855370340743887,1.0473278596296975,-0.524272825230276,0,True,False,False,False,False,False,True,1,-7.036653307664231,1
M0180,Moyen,-0.019334979875180878,-0.7524412218626354,0.07872127096548145,0.20746590059490413,-0.924876438493149,0,False,False,True,False,False,False,True,1,0.02573052863303704,1
M0181,Élevé,-0.1380585405122623,-1.1705349548769355,-0.27360387895293364,0.8373623698709991,0.13300875601347797,0,False,False,False,True,False,True,False,2,0.11804567271509171,1
M0182,Faible,1.2984965431964222,-0.16511907310445195,-0.1067130184652623,0.8373623698709991,-0.8572461793298046,0,False,False,True,False,False,False,True,0,-7.911917357527403,1
M0183,Faible,0.8117299445843891,1.5271650843343818,0.20852527356700307,-1.0523270379572858,-0.2065162794424997,0,True,False,False,False,False,True,False,0,0.5311794863694009,0
M0184,Faible,0.21811214139898197,-0.010822576396793565,-1.2564056129358778,0.8373623698709991,-1.1945520969069852,0,False,False,True,False,True,False,False,0,-22.205186560847867,1
M0185,Moyen,-0.05495204806630665,-0.6976908520631436,1.2469572943791711,1.2572933493883958,0.7618644939526387,0,False,True,False,False,False,False,True,1,0.07887579965141575,1
M0186,Faible,-0.3517609496590102,-0.3094609571212936,0.4681332787700447,1.4672588391470942,-0.08636689714762058,0,False,False,False,True,True,False,False,0,1.140374305201582,1
M0187,Moyen,1.1679006264956333,0.252974659909848,0.8204584286884598,-0.002499589163794205,-0.42800537820245277,0,False,True,False,False,False,True,False,1,4.5984927272279705,0
M0188,Moyen,0.5505381111828096,0.5864541850522064,-1.8868821970004086,-1.4722580174746824,-0.6106070779434828,0,False,False,True,False,False,False,True,1,0.937159229079088,0
M0189,Faible,0.040026800443359836,0.1733377583833146,-1.0338844656189843,-0.6323960584398892,-1.2078668041797684,0,False,True,False,False,False,False,True,0,0.22959341002511532,0
M0190,Moyen,-0.3161438814678844,1.0244571434481398,-1.738534765455813,-1.2622925277159842,0.045300763661015646,0,False,True,False,False,False,False,True,1,-0.30829555724273205,0
M0191,Élevé,0.6098998915013503,0.4371349946899564,-1.1451450392774318,-1.0523270379572858,0.334103104744485,0,False,True,False,False,False,False,True,2,1.3920364702503214,0
M0192,Moyen,-0.05495204806630665,-0.672804320336102,0.11580812885163119,0.20746590059490413,0.9326308983400834,0,False,True,False,False,True,False,False,1,0.08179769972127342,1
M0193,Élevé,-1.3252941468830775,0.6511591675425147,0.24561213145315117,0.6273968801123008,-0.2274393908711594,0,True,False,False,False,False,False,True,2,-2.032163638636086,1
M0194,Élevé,0.2418568535263969,-0.4388709221019102,0.9502624312899798,-0.6323960584398892,-1.1015604905573864,0,False,True,False,False,False,True,False,2,-0.5523473729778912,0
M0195,Faible,0.9898152855400112,0.671068392924148,-0.8484501761882406,0.20746590059490413,-0.793948483644112,0,False,True,False,False,False,False,True,0,1.4727895195805247,1
M0196,Faible,-0.5654633588057564,0.06881432512973984,0.8575452865746078,-0.4224305686811909,-0.02740176493957964,0,False,True,False,False,True,False,False,0,-8.099531976495145,0
M0197,Moyen,-0.5061015784872157,-1.3198541452391854,-0.9040804630174644,1.2572933493883958,-0.7494604537882243,0,True,False,False,False,False,False,True,1,0.38374340355538694,1
M0198,Faible,-0.05495204806630665,-1.2700810817851018,0.4681332787700447,0.6273968801123008,-1.3104745880041553,0,False,True,False,False,False,False,True,0,0.04330065970963066,1
M0199,Faible,-0.05495204806630665,-0.1850282984860853,0.9502624312899798,-0.4224305686811909,0.7583773087145287,0,True,False,False,False,False,True,False,0,0.2986065106202222,0
M0200,Moyen,-0.18554796476709554,-0.05810698667817284,-1.1451450392774318,-0.6323960584398892,-0.6788713707864836,0,False,False,True,False,True,False,False,1,3.24912896932828,0
M0201,Moyen,0.5505381111828096,0.63622724850629,-0.44049473944060336,-0.6323960584398892,-0.48411735885204016,0,False,True,False,False,False,False,True,1,0.8639588348949508,0
M0202,Moyen,0.4318145505457282,0.30274772336393163,0.4495898498269706,1.6772243289057924,1.2356989972158208,0,False,False,True,False,False,False,True,1,1.4216223442384615,1
M0203,Moyen,0.6930063839473076,0.8651833403950733,0.5423069945423425,-1.0523270379572858,-0.908708579661912,0,False,False,True,False,True,False,False,1,0.8000689364808399,0
M0204,Faible,0.7048787400110151,4.484374466687132,-1.274949041878952,0.20746590059490413,0.22113943748571122,0,False,False,True,False,False,False,True,0,0.15715047767943305,1
M0205,Faible,-0.05495204806630665,-0.015799882742202016,-1.701447907569665,0.6273968801123008,0.42688336653419817,0,False,True,False,False,False,False,True,0,3.7130056381872762,1
M0206,Faible,0.5386657551191004,3.231115522589376,0.11580812885163119,0.8373623698709991,-0.15452551771067866,0,True,False,False,False,False,False,True,0,0.16666042762220143,1
M0207,Élevé,1.013559997667426,-0.05810698667817284,0.43104642088389655,0.8373623698709991,-0.44554697667294524,0,False,False,True,False,False,True,False,2,-17.748441243789603,1
M0208,Élevé,-0.5179739345509232,0.6013861040884315,0.5793938524284923,-1.0523270379572858,6.311444959450356,0,False,True,False,False,False,False,True,2,-0.8598703240918114,0
M0209,Moyen,0.40806983841831157,0.5565903469797565,0.1528949867377793,-1.0523270379572858,-0.06269630644045003,0,False,True,False,False,True,False,False,1,0.7318452348191865,0
M0210,Élevé,-0.2805268132767603,-0.5483716617008937,0.6721109971438641,0.6273968801123008,-0.731496166197961,0,False,False,True,False,False,False,True,2,0.5124978746708515,1
M0211,Élevé,-0.05495204806630665,0.6063634104338397,0.6721109971438641,-0.4224305686811909,0.7128325560592139,0,True,False,False,False,False,True,False,2,-0.09047638880164745,0
M0212,Faible,0.47930397480055975,-1.2402172437126522,0.17143841568085333,1.0473278596296975,1.0933584361329691,0,False,False,True,False,False,False,True,0,-0.3867796201451987,1
M0213,Faible,1.2984965431964222,0.26790657894607317,1.2840441522653208,0.6273968801123008,-1.777863082190831,0,True,False,False,False,False,True,False,0,4.828801691225354,1
M0214,Moyen,0.004409732252234058,-0.07055025254169363,-2.090859915374228,1.4672588391470942,0.33442012158431317,0,False,True,False,False,True,False,False,1,-0.06340354047730501,1
M0215,Moyen,-0.6366974951880046,-0.08548217157791853,-1.516013618138921,0.8373623698709991,-0.20302909420438978,0,True,False,False,False,False,True,False,1,7.536471699248093,1
M0216,Faible,0.9067087930940538,-1.9221082130335936,-1.3120358997651016,-1.0523270379572858,-0.06819126499747176,0,False,True,False,False,True,False,False,0,-0.47197174367511724,0
M0217,Faible,0.06377151257077476,1.148889802083348,0.1528949867377793,-0.21246507892249253,0.11197997230487557,0,False,True,False,False,False,True,False,0,0.0554588034916344,0
M0218,Moyen,-1.1353364498637468,-0.7972369789713103,-2.2021204890326738,1.0473278596296975,-0.23927468622474468,0,False,False,True,False,True,False,False,1,1.4258775714367504,1
M0219,Moyen,-0.07869676019372158,-0.6230312568820187,1.673456160069884,-0.4224305686811909,0.058087109534085454,0,False,False,False,True,False,False,True,1,0.12651576479965876,0
M0220,Faible,-0.5061015784872157,-0.38909785864782703,1.4509350127529905,-1.0523270379572858,-0.8017682323598736,0,False,False,False,True,False,True,False,0,1.3040566115219645,0
M0221,Faible,1.4647095280883369,-0.5185078236284436,1.5065652995822143,-0.21246507892249253,0.4413604688863516,0,False,True,False,False,False,True,False,0,-2.8303137869852923,0
M0222,Moyen,0.12313329288931547,-1.314876838893777,-1.9239690548865582,1.0473278596296975,0.5756699366935559,0,True,False,False,False,False,False,True,1,-0.0937175306271385,1
M0223,Élevé,0.8236023006480966,0.29279311067311475,0.43104642088389655,0.6273968801123008,0.24724049063156447,0,False,False,False,True,True,False,False,2,2.803341095239185,1
M0224,Moyen,0.669261671819891,-0.26964250635802695,0.004547555193183629,-1.4722580174746824,0.7118815055397294,0,False,True,False,False,False,True,False,1,-2.4912724382043563,0
M0225,Élevé,1.3103688992601297,-0.015799882742202016,1.2840441522653208,-1.4722580174746824,-0.5260692539893023,0,False,False,False,True,True,False,False,2,-88.53914061924284,0
M0226,Faible,0.633644603628767,-1.1157845850774437,-0.2921473078960077,-1.2622925277159842,0.4460100492038315,0,False,False,True,False,False,True,False,0,-0.5684009378231112,0
M0227,Moyen,0.6811340278835984,0.08872355051137319,0.11580812885163119,0.41743139035360244,0.7273096584113674,0,False,False,False,True,False,True,False,1,7.5914743007997565,1
M0228,Faible,0.5861551793739337,-0.11036870330496033,-1.5345570470819951,-0.21246507892249253,-0.5152906814351442,0,False,False,False,True,False,True,False,0,-5.359441610453373,0
M0229,Faible,-1.004740533162957,0.7706145198323148,0.8575452865746078,-0.21246507892249253,0.025962736431496842,0,False,True,False,False,True,False,False,0,-1.3021275615462817,0
M0230,Moyen,0.20623978533527282,-0.5533489680463018,1.5436521574683624,-0.6323960584398892,-0.4165927719686384,0,True,False,False,False,False,True,False,1,-0.3733867487156857,0
M0231,Élevé,-0.9097616846532924,-1.3795818213840854,0.023090984136257674,0.8373623698709991,-0.499968200843449,0,False,False,False,True,False,True,False,2,0.659925780640208,1
M0232,Moyen,-0.897889328589584,-0.07552755888710186,-2.3133810626911213,-1.0523270379572858,1.1802210502458896,0,False,True,False,False,False,True,False,1,12.047749074268655,0
M0233,Moyen,0.21811214139898197,0.11858738858382323,-0.7742764604159428,1.6772243289057924,-0.061005549961366416,0,False,True,False,False,True,False,False,1,1.823872433221494,1
M0234,Moyen,-1.4677624196475745,0.611340716779248,-1.3491227576512497,0.20746590059490413,-0.5221593796314214,0,True,False,False,False,True,False,False,1,-2.3969701498336105,1
M0235,Élevé,-0.1024414723211382,-0.05810698667817284,0.11580812885163119,0.6273968801123008,-0.11775156429061012,0,False,False,True,False,False,True,False,2,1.793851825844856,1
M0236,Moyen,0.977942929476302,-0.6379631759182437,-0.4034078815544536,0.20746590059490413,0.06918269892807166,0,False,False,False,True,False,True,False,1,-1.5353209831423977,1
M0237,Faible,0.004409732252234058,-0.0556183335054685,0.5793938524284923,1.6772243289057924,1.974453906295416,0,False,True,False,False,True,False,False,0,-0.080737217143261,1
M0238,Moyen,0.7167510960747225,-0.8022142853167186,0.43104642088389655,0.6273968801123008,0.7988497919325926,0,False,False,True,False,True,False,False,1,-0.8945810243403138,1
M0239,Faible,-0.9335063967807081,0.2479973535644398,0.35687270511159874,1.0473278596296975,-0.40074192997722957,0,True,False,False,False,False,False,True,0,-3.7490615198009296,1
M0240,Moyen,-0.03120733593889003,1.6117792922063234,1.0986098628345753,1.2572933493883958,0.14146253840889603,0,False,True,False,False,True,False,False,1,-0.019350035116210848,1
M0241,Faible,-2.381933836553102,-0.7723504472442685,-1.163688468220506,-0.6323960584398892,0.05259215097706372,0,False,True,False,False,True,False,False,0,3.0880047390428227,0
M0242,Moyen,-1.040357601354082,-0.05810698667817284,1.1542401496637993,0.41743139035360244,-0.31916292986144534,0,False,False,True,False,True,False,False,1,18.21769387372916,1
M0243,Élevé,-0.6604422073154212,-1.0112611518238688,-0.42195131049752765,1.6772243289057924,-0.15632194646970501,0,False,False,True,False,True,False,False,2,0.6537341420315884,1
M0244,Élevé,-0.05495204806630665,4.524307084721997,-0.9967976077328362,-1.4722580174746824,-0.22796775227087304,0,False,False,True,False,False,True,False,2,-0.012143274928641116,0
M0245,Moyen,-0.05495204806630665,0.1335193076200479,0.9131755734038316,1.4672588391470942,0.24058313699517275,0,False,True,False,False,False,True,False,1,-0.4085067715447931,1
M0246,Moyen,-1.8120607454951114,-0.329370182502927,0.5793938524284923,-0.21246507892249253,0.7524596610377361,0,True,False,False,False,False,False,True,1,5.518347408047499,0
M0247,Faible,-0.4229950860412584,-1.3347860642754101,1.1171532917776494,-0.4224305686811909,-0.8099049979154636,0,False,False,False,True,False,False,True,0,0.31713863067766707,0
M0248,Moyen,-0.7316763436976694,-0.04068641446924359,1.339674439094543,-1.4722580174746824,-0.5218423627915932,0,False,False,True,False,False,False,True,1,18.43644364155669,0
M0249,Élevé,1.4053477477697962,6.159061195517137,-0.27360387895293364,0.41743139035360244,-0.38172091958753895,0,False,True,False,False,False,False,True,2,0.22813860173864997,1
M0250,Moyen,0.7404958082021392,0.6860003119603731,0.9317190023469057,0.8373623698709991,0.500536945654278,0,False,True,False,False,False,False,True,1,1.0778682270014046,1
M0251,Faible,-0.3517609496590102,0.12356469492923146,-1.2564056129358778,-0.002499589163794205,-0.7880308359673193,0,False,True,False,False,False,False,True,0,-2.8239217368842353,0
M0252,Faible,0.7048787400110151,-1.2302626310218352,0.1528949867377793,-0.8423615481985876,-0.6416747282466442,0,False,True,False,False,True,False,False,0,-0.5734159017142484,0
M0253,Moyen,1.0610494219222595,0.3674527058542399,-0.2921473078960077,-0.21246507892249253,0.39137748047344234,0,True,False,False,False,False,False,True,1,2.8797438723167126,0
M0254,Moyen,-0.6248251391242972,-0.45878014748354357,-0.9226238919605384,-1.6822235072333809,-0.7953222232833673,0,False,False,False,True,True,False,False,1,1.3649022190215416,0
M0255,Faible,0.8829640809666373,-0.05810698667817284,-1.608730762854293,-0.4224305686811909,-1.4190000195053345,0,False,False,True,False,False,False,True,0,-15.461577161172814,0
M0256,Élevé,0.5030486869279763,-0.3044836507758852,0.41250299194082085,-1.0523270379572858,0.5432285467511392,0,False,False,True,False,False,False,True,2,-1.6575808470798474,0
M0257,Faible,0.6930063839473076,-0.16511907310445195,-1.7756216233419626,-0.21246507892249253,-0.43772722795718355,0,False,False,True,False,True,False,False,0,-4.222582853037749,0
M0258,Moyen,-1.5389965560298235,-0.05064102716006027,-0.5702987420421233,-1.6822235072333809,0.27999889741380946,0,False,False,False,True,False,True,False,1,31.002512318440814,0
M0259,Élevé,-0.06682440413001411,-0.777327753589677,1.691999589012958,-0.4224305686811909,-0.6660850249134138,0,False,True,False,False,False,False,True,2,0.08607756687948287,0
M0260,Élevé,-2.1563590713426475,-0.5433943553554852,1.673456160069884,-1.6822235072333809,-1.1752140696774662,0,False,False,False,True,False,False,True,2,3.97562963192965,0
M0261,Élevé,0.30121863384493763,-0.2397786682855769,0.5237635655992684,0.20746590059490413,-1.213044745896962,0,False,True,False,False,False,True,False,2,-1.261497251859547,1
M0262,Moyen,-0.7079316315702545,-0.03073180177842692,-0.34777759472522984,0.6273968801123008,1.418617713796679,0,False,True,False,False,False,True,False,1,23.81058628219169,1
M0263,Moyen,1.2391347628778815,0.03895048705728982,1.691999589012958,-0.8423615481985876,1.386599012974033,0,True,False,False,False,False,True,False,1,31.01676235138102,0
M0264,Moyen,1.3341136113875462,-1.0510796025871354,-0.14379987635141203,1.4672588391470942,0.9414016975753297,0,False,False,False,True,False,False,True,1,-1.2704880735713955,1
M0265,Faible,-1.5271241999661154,0.4072711566175066,0.24561213145315117,0.6273968801123008,1.2523952174467714,0,False,False,False,True,True,False,False,0,-3.740465558767892,1
M0266,Faible,-0.05495204806630665,-1.1008526660412186,0.6906544260869382,1.0473278596296975,-0.27858477436343865,0,False,False,False,True,True,False,False,0,0.04996309938866597,1
M0267,Élevé,-0.37550566178642514,-0.015799882742202016,-1.089514752448208,0.6273968801123008,0.08968312123696044,0,False,False,False,True,False,True,False,2,25.372205194279474,1
M0268,Moyen,0.9423258612851779,-0.254710587321802,-1.738534765455813,1.2572933493883958,-1.60646264412373,0,False,True,False,False,False,False,True,1,-3.7141763425502954,1
M0269,Élevé,0.18249507320785618,-2.0017451145601273,-2.05377305748808,1.2572933493883958,-0.25470283909638264,0,False,False,False,True,True,False,False,2,-0.09121355433022188,1
M0270,Faible,-0.26865445721305287,-0.7574185282080437,-1.5716439049681432,-1.0523270379572858,0.4117722305023884,0,False,False,False,True,False,True,False,0,0.3551664154095955,0
M0271,Faible,-0.17367560870338808,-0.05810698667817284,-1.3120358997651016,0.8373623698709991,-0.20958077556083876,0,False,False,True,False,False,False,True,0,3.041232234544947,1
M0272,Faible,-0.3873780178501343,-0.060595639850876945,-0.5146684552129012,1.4672588391470942,1.5285168849371136,0,False,True,False,False,False,True,False,0,6.500106699407039,1
M0273,Faible,5.33509760485719,-0.3691886332661937,0.6535675682007884,-1.6822235072333809,-0.7845436507292093,0,False,True,False,False,True,False,False,0,-14.490120342742932,0
M0274,Élevé,0.13500564895302464,-0.05810698667817284,-0.4034078815544536,-0.8423615481985876,0.05713605901460093,0,False,False,True,False,True,False,False,2,-2.3640828698220537,0
M0275,Faible,-0.8622722603984599,-0.05810698667817284,-0.8484501761882406,1.4672588391470942,-0.6034213629073775,0,False,False,True,False,False,True,False,0,15.099242851978978,1
M0276,Faible,0.669261671819891,-0.41896169672027683,0.5608504234854166,1.0473278596296975,-0.4190232344073211,0,False,True,False,False,True,False,False,0,-1.6012512081168004,1
M0277,Moyen,-0.3873780178501343,0.31767964240015634,-1.163688468220506,-1.6822235072333809,-0.6434711570056705,0,True,False,False,False,True,False,False,1,-1.215571898263007,0
M0278,Moyen,0.5386657551191004,2.194124134619098,1.0986098628345753,1.0473278596296975,-0.1810492599763028,0,False,False,True,False,False,True,False,1,0.24539193325054062,1
M0279,Faible,-0.6485698512517137,-0.48366667921058537,0.11580812885163119,-0.002499589163794205,-1.397231529837133,0,False,True,False,False,False,True,False,0,1.3437220325887578,0
M0280,Moyen,0.38432512629089494,-0.3990524713386435,1.3953047259237668,1.6772243289057924,0.40828504526427845,0,True,False,False,False,False,False,True,1,-0.965513729881933,1
M0281,Faible,-0.7910381240162101,0.11858738858382323,0.43104642088389655,0.20746590059490413,-0.31683813970270536,0,False,False,True,False,True,False,False,0,-6.6147286380598755,1
M0282,Faible,-0.6723145633791286,-0.6827589330269187,0.17143841568085333,-1.6822235072333809,-0.8231140329083042,0,False,True,False,False,False,True,False,0,0.9861470540534639,0
M0283,Élevé,0.3605804141634783,0.3525207868180148,0.11580812885163119,-1.0523270379572858,3.049096818453446,0,False,True,False,False,True,False,False,2,1.0199694830083574,0
M0284,Élevé,0.8710917249029297,-0.2148921365585353,0.5052201366561944,1.2572933493883958,-0.10380282333817033,0,True,False,False,False,False,False,True,2,-4.072574798300452,1
M0285,Faible,0.21811214139898197,0.9846386926848729,0.11580812885163119,-1.2622925277159842,-0.5241671529503332,0,True,False,False,False,True,False,False,0,0.2212901573545637,0
M0286,Faible,0.004409732252234058,-0.8619419614616186,0.30124241828237497,0.20746590059490413,-0.2447696447817664,0,False,True,False,False,False,False,True,0,-0.005121985510785964,1
M0287,Faible,2.4857321495672364,-0.11036870330496033,0.9688058602330555,-0.6323960584398892,-0.5853514030371714,0,False,True,False,False,False,True,False,0,-22.728002385070777,0
M0288,Moyen,-0.019334979875180878,-0.7823050599350853,0.11580812885163119,0.41743139035360244,0.5350917811955493,0,True,False,False,False,False,True,False,1,0.024747030150793246,1
M0289,Faible,-2.286954988043437,0.07379163147514807,1.339674439094543,-1.2622925277159842,0.6941285625093515,0,False,False,True,False,False,False,True,0,-30.577685536962132,0
M0290,Faible,0.6217722475650578,-0.6180539505366104,-0.44049473944060336,-1.6822235072333809,-0.7048667516523941,0,False,False,False,True,False,False,True,0,-1.0076464902693585,0
M0291,Faible,-0.05495204806630665,-0.9764200074060103,2.2483024573051926,-0.6323960584398892,0.9710956082392356,0,False,True,False,False,True,False,False,0,0.05633680634913748,0
M0292,Faible,-1.3015494347556607,-0.05810698667817284,-0.7742764604159428,-0.6323960584398892,0.28855835208917024,0,False,False,True,False,False,False,True,0,22.791422038962754,0
M0293,Faible,1.0373047097948427,-0.6130766441912019,0.04163441307933337,-0.4224305686811909,-0.12948118736425268,0,False,False,False,True,False,False,True,0,-1.694730095714626,0
M0294,Faible,0.8592193688392207,-0.11534600965036856,0.11580812885163119,-0.6323960584398892,0.36886928484564174,0,False,False,True,False,False,False,True,0,-7.514205099648191,0
M0295,Faible,-0.26865445721305287,-0.7922596726259019,1.1727835786068732,-0.6323960584398892,-0.510746773397607,0,False,False,True,False,False,False,True,0,0.33952754892902204,0
M0296,Faible,-0.3873780178501343,0.22808812818280644,-0.7928198893590168,-0.21246507892249253,0.20148439341636423,0,False,False,True,False,False,False,True,0,-1.6909563185265393,0
M0297,Moyen,0.06377151257077476,-0.32439287615751855,1.1913270075499474,-1.2622925277159842,-0.17597699053905197,0,False,False,True,False,False,True,False,1,-0.19719516808314871,0
M0298,Faible,1.0254323537311354,-0.31443826346670184,0.06017784202240741,1.4672588391470942,0.6715146946016082,0,True,False,False,False,True,False,False,0,-3.271560856640824,1
M0299,Moyen,-0.7791657679525027,-0.05810698667817284,-0.9597107498466865,1.0473278596296975,-0.4543177759081915,0,False,False,True,False,False,True,False,1,13.643965708495555,1
M0300,Faible,1.3222412553238387,-0.15516446041363527,1.766173304785256,0.8373623698709991,-0.04621143076938482,0,False,False,False,True,False,False,True,0,-8.57682277598976,1
M0301,Faible,0.3249633459723542,0.9099790975037483,0.33832927616852304,-1.6822235072333809,0.3660161332871882,0,True,False,False,False,True,False,False,0,0.3567187730901994,0
M0302,Moyen,0.47930397480055975,-0.7424866091718187,2.3039327441344146,-0.21246507892249253,0.4845804313829264,0,False,False,True,False,False,True,False,1,-0.6464094818056174,0
M0303,Faible,-0.05495204806630665,-0.17009637944986017,-0.013995873749890418,0.6273968801123008,-1.147633604612415,0,False,False,False,True,False,False,True,0,0.3249747170524182,1
M0304,Moyen,-0.1380585405122623,-0.04566372081465182,0.319785847225449,-1.0523270379572858,1.1130134802023162,0,False,True,False,False,False,False,True,1,3.091066709045265,0
M0305,Faible,0.7048787400110151,0.11858738858382323,1.3211310101514688,0.6273968801123008,-0.3482228068456949,0,False,True,False,False,True,False,False,0,5.8942564793689725,1
M0306,Moyen,0.1468780050167321,-0.508553210937627,-0.5517553130990492,-0.6323960584398892,-0.5056745039603562,0,True,False,False,False,False,False,True,1,-0.28938444650049094,0
M0307,Moyen,-2.6549980260183887,-1.5936059942366438,0.13435155779470526,0.6273968801123008,0.07457198520515067,0,False,False,True,False,False,False,True,1,1.66707775534335,1
M0308,Moyen,-0.05495204806630665,0.26790657894607317,-1.8683387680573345,1.4672588391470942,-1.2362926474843616,0,False,False,True,False,False,False,True,1,-0.20435367658790823,1
M0309,Faible,0.12313329288931547,0.2479973535644398,1.1356967207207251,-0.8423615481985876,-1.0831735138473522,0,False,False,False,True,True,False,False,0,0.4945164722702522,0
M0310,Moyen,-0.06682440413001411,0.4321576883445482,1.5992824442975861,0.6273968801123008,-0.4769316438159348,0,False,False,True,False,False,False,True,1,-0.15427269543663216,1
M0311,Moyen,1.215390050750465,0.2081789028011731,1.302587581208395,-1.2622925277159842,-1.1247027198648434,0,True,False,False,False,False,True,False,1,5.810289825956811,0
M0312,Faible,-0.39925037391384177,-0.8022142853167186,0.28269898933930093,1.2572933493883958,0.8981817350787549,0,False,True,False,False,False,True,False,0,0.4983066093935392,1
M0313,Faible,0.526793399055393,0.7158641500328233,-1.089514752448208,0.6273968801123008,-0.2167664905969441,0,False,False,False,True,False,True,False,0,0.7348580606678023,1
M0314,Moyen,0.3724527702271875,-0.31941556981211033,1.7476298758421818,-0.002499589163794205,-0.15811837522873134,0,False,False,True,False,False,True,False,1,-1.1697065267473046,0
M0315,Faible,0.4674316187368523,0.15840583934708993,-0.47758159732675143,-0.4224305686811909,0.022264206633501444,0,False,True,False,False,False,False,True,0,2.9323368620083463,0
M0316,Élevé,-1.5389965560298235,1.1837309465012065,0.023090984136257674,0.6273968801123008,0.4299478626525372,0,False,True,False,False,True,False,False,2,-1.299026213989639,1
M0317,Moyen,-0.37550566178642514,0.6660910865787397,1.803260162671404,-0.6323960584398892,0.37679470584134617,0,False,True,False,False,False,False,True,1,-0.5629001336417985,0
M0318,Moyen,-0.39925037391384177,-0.6080993378457937,0.8575452865746078,-0.4224305686811909,-0.5490001387368737,0,False,True,False,False,True,False,False,1,0.657635989738558,0
M0319,Faible,1.5240713084068775,4.989984640966792,0.9131755734038316,-1.4722580174746824,0.7600680651936124,0,False,False,False,True,False,True,False,0,0.3053648564447702,0
M0320,Moyen,-0.2805268132767603,0.8154102769409897,2.4708236046220846,-0.21246507892249253,0.67352246792052,0,False,True,False,False,False,False,True,1,-0.3436100955611034,0
M0321,Moyen,0.6098998915013503,-0.05810698667817284,-0.1067130184652623,-0.4224305686811909,1.3885011140130021,0,False,False,True,False,False,False,True,1,-10.679952261155872,0
M0322,Moyen,0.25372920959010603,-0.1501871540682268,1.1356967207207251,1.4672588391470942,0.06167996705213813,0,False,False,True,False,False,False,True,1,-1.7007443514477774,1
M0323,Moyen,-1.2659323665645366,-0.05810698667817284,-1.05242789456206,-1.4722580174746824,-0.07030471059632627,0,False,False,True,False,True,False,False,1,22.16773183461272,0
M0324,Faible,-1.0284852452903739,-0.642940482263652,-0.08816958952218824,1.0473278596296975,-0.40317239241591224,0,False,True,False,False,False,False,True,0,1.6021504698748128,1
M0325,Faible,0.25372920959010603,-0.3094609571212936,-0.05108273163604016,1.0473278596296975,-0.9468562727212361,0,True,False,False,False,False,True,False,0,-0.8225650726044208,1
M0326,Faible,0.6930063839473076,-0.05810698667817284,0.22706870251007713,-1.4722580174746824,-0.22131039863448132,0,False,False,True,False,False,True,False,0,-12.135229404639297,0
M0327,Élevé,-0.05495204806630665,0.69595492465119,0.17143841568085333,-0.8423615481985876,-1.0232573311198268,0,False,True,False,False,True,False,False,2,-0.07884591402207093,0
M0328,Faible,-0.23303738902192878,0.6063634104338397,-1.6643610496835168,-1.6822235072333809,-0.23948603078463013,0,True,False,False,False,False,False,True,0,-0.3836869080662435,0
M0329,Faible,-1.1828258741185793,-0.05810698667817284,0.11580812885163119,-1.2622925277159842,0.9070582065939438,0,False,False,True,False,False,True,False,0,20.7124546911293,0
M0330,Moyen,-0.06682440413001411,-0.4139843903748686,0.7091978550300122,0.20746590059490413,0.681976250315938,0,True,False,False,False,False,False,True,1,0.16180854697524322,1
M0331,Faible,-1.277804722628245,-0.6827589330269187,-1.3491227576512497,-0.4224305686811909,1.0664120047475742,0,False,True,False,False,False,False,True,0,1.874276464490113,0
M0332,Moyen,1.251007118941589,-0.5583262743917103,1.1542401496637993,0.8373623698709991,-1.0660546044966306,0,True,False,False,False,False,False,True,1,-2.244658427968413,1
M0333,Moyen,-0.3161438814678844,0.2081789028011731,1.4880218706391386,-0.4224305686811909,0.591837795524793,0,False,True,False,False,True,False,False,1,-1.5113564381221691,0
M0334,Faible,-0.05495204806630665,-0.1850282984860853,-1.553100476025069,-0.8423615481985876,0.1692543480338329,0,False,True,False,False,True,False,False,0,0.2986065106202222,0
M0335,Faible,1.7021566493624998,-0.8320781233891686,-1.4232964734235476,-1.2622925277159842,0.13691863037135885,0,False,True,False,False,False,False,True,0,-2.0481307370010406,0
M0336,Faible,0.3724527702271875,0.8104329705955815,0.11580812885163119,-0.6323960584398892,0.6219543953084699,0,False,False,False,True,True,False,False,0,0.459006207196402,0
M0337,Élevé,-1.206570586245996,-0.5881901124641603,1.0244361470622776,-0.8423615481985876,0.11314236738424555,0,False,False,False,True,False,False,True,2,2.0548210207126743,0
M0338,Faible,0.3961974823546041,-0.8320781233891686,-0.700102744643645,0.41743139035360244,0.07890454868280242,0,False,True,False,False,False,False,True,0,-0.4767271225223635,1
M0339,Faible,-0.6366974951880046,-0.463757453828952,-0.607385599928273,-0.6323960584398892,-0.6392442658079615,0,False,True,False,False,False,False,True,0,1.3758773411856173,0
M0340,Faible,-1.1828258741185793,1.009525224411915,-0.4034078815544536,-0.8423615481985876,9.287570743925919,0,False,True,False,False,False,True,False,0,-1.17050603542028,0
M0341,Moyen,-0.8147828361436268,0.3475434804726066,0.30124241828237497,-1.0523270379572858,-0.27404086632590147,0,False,True,False,False,False,True,False,1,-2.337679175748243,0
M0342,Faible,-1.3490388590104931,-0.5384170490100769,-1.3120358997651016,0.41743139035360244,0.5518936737064427,0,False,True,False,False,False,False,True,0,2.510227134579048,1
M0343,Élevé,0.44368690660943566,0.05388240609351472,1.4509350127529905,1.4672588391470942,-0.5103240842778362,0,False,True,False,False,False,False,True,2,8.084319514954078,1
M0344,Moyen,-0.8385275482710434,-0.7225773837901853,-0.9040804630174644,0.6273968801123008,-0.6214913227775836,0,False,True,False,False,False,False,True,1,1.1620757067891472,1
M0345,Faible,-0.4229950860412584,0.4570442200715898,-0.6630158867574969,0.41743139035360244,0.3041978495206936,0,False,True,False,False,False,False,True,0,-0.9234808944323031,1
M0346,Moyen,0.9185811491577613,0.09867816320218988,0.22706870251007713,-1.0523270379572858,-0.2470944349405064,0,False,False,False,True,False,True,False,1,9.215470265984804,0
M0347,Faible,-0.22116503295821963,-1.5936059942366438,0.9502624312899798,0.8373623698709991,0.597966787761471,0,False,False,False,True,False,True,False,0,0.13886989861809906,1
M0348,Moyen,-0.4823568663597991,-0.020777189087610243,0.023090984136257674,-1.4722580174746824,0.026068408711439568,0,False,True,False,False,True,False,False,1,24.38955628239302,0
M0349,Élevé,0.08751622469819138,0.6013861040884315,0.26415556039622523,-0.6323960584398892,0.3901094131141296,1,False,True,False,False,False,False,True,2,0.1452826087856499,0
M0350,Élevé,-0.5654633588057564,-1.0411249898963186,1.6549127311268084,-0.8423615481985876,0.7561581908357314,0,False,True,False,False,False,False,True,2,0.5436494308843811,0
M0351,Moyen,0.040026800443359836,-0.12530062234118525,0.07872127096548145,-0.4224305686811909,-0.9316394644094835,0,True,False,False,False,True,False,False,1,-0.32201609042224016,0
M0352,Élevé,-0.22116503295821963,-0.42891630941109354,-0.03253930269296446,1.2572933493883958,0.3904264299539578,0,True,False,False,False,False,False,True,2,0.516841793813821,1
M0353,Faible,0.7879852324569725,0.16338314569249815,1.0615230049484272,-1.6822235072333809,-1.60065066872688,0,False,False,False,True,False,True,False,0,4.793588960336663,0
M0354,Moyen,-0.3517609496590102,-1.0560569089325438,0.7091978550300122,1.2572933493883958,-0.5593560221712609,0,False,False,False,True,False,False,True,1,0.3334047165426414,1
M0355,Faible,-0.8266551922073359,0.4371349946899564,0.023090984136257674,0.41743139035360244,-0.5111694625173779,0,False,True,False,False,True,False,False,0,-1.8867591090100286,1
M0356,Moyen,-0.37550566178642514,-0.3044836507758852,-0.47758159732675143,1.6772243289057924,-0.9826791756218201,0,False,False,False,True,True,False,False,1,1.2373175979213666,1
M0357,Faible,-2.0138907985781493,0.7606599071414983,0.7091978550300122,0.8373623698709991,-0.08594420802784968,0,True,False,False,False,False,False,True,0,-2.644081406537808,1
M0358,Élevé,-0.16180325263967893,0.3774073185450564,0.6721109971438641,-0.21246507892249253,-0.42409550384457195,0,True,False,False,False,False,False,True,2,-0.42759017785860626,0
M0359,Faible,0.7286234521384317,-0.32439287615751855,0.8760887155176819,-0.4224305686811909,-0.8681304241639054,0,False,False,False,True,False,True,False,0,-2.253059686396843,0
M0360,Faible,-0.05495204806630665,-0.8470100424253937,-0.47758159732675143,1.2572933493883958,1.0493987676767953,0,False,True,False,False,False,False,True,0,0.06495436851880237,1
M0361,Moyen,0.3368357020360634,-0.05810698667817284,-1.4974701891958453,-1.4722580174746824,-0.3500192356047212,0,False,False,True,False,False,False,True,1,-5.898327361138933,0
M0362,Faible,1.1560282704319242,0.730796069069048,-1.1822318971635801,-1.2622925277159842,-0.3005646085915256,0,False,True,False,False,False,False,True,0,1.579713692508026,0
M0363,Faible,-1.7170818969854458,0.5068172835256729,2.4708236046220846,-0.8423615481985876,-0.48549109849129557,0,False,True,False,False,False,False,True,0,-3.3812986534528577,0
M0364,Moyen,1.251007118941589,0.11858738858382323,-0.42195131049752765,-0.6323960584398892,0.3829236980780243,0,False,True,False,False,False,False,True,1,10.46102882382712,0
M0365,Faible,0.40806983841831157,0.1733377583833146,-0.6259290288713472,-1.0523270379572858,0.15562262392122128,0,False,False,False,True,False,False,True,0,2.34068535813735,0
M0366,Moyen,1.1322835583045077,-0.18005099214067685,-0.42195131049752765,-1.0523270379572858,-0.40729361133367853,0,False,False,False,True,False,False,True,1,-6.323804994137618,0
M0367,Faible,-0.446739798168675,-0.508553210937627,-1.3676661865943254,-0.002499589163794205,1.5889614290643528,0,False,False,False,True,True,False,False,0,0.8801831779241265,0
M0368,Faible,0.3961974823546041,-0.2895517317396603,0.11580812885163119,-0.8423615481985876,0.7283663812107947,0,False,False,False,True,False,False,True,0,-1.3730552922554105,0
M0369,Moyen,0.18249507320785618,-0.329370182502927,0.801914999745384,-0.21246507892249253,0.09285328963524221,0,False,True,False,False,False,True,False,1,-0.5557601844869988,0
M0370,Faible,-0.3873780178501343,-0.5832128061187519,1.0800664338915014,0.8373623698709991,-1.4452067449311305,0,True,False,False,False,False,True,False,0,0.6653546843679735,1
M0371,Faible,-0.09056911625743075,0.03895048705728982,-0.9411673209036124,-1.6822235072333809,0.06189131161202358,0,True,False,False,False,True,False,False,0,-2.267034094667051,0
M0372,Moyen,1.3816030356423796,1.2086174782282482,-0.14379987635141203,0.6273968801123008,-0.23082090382932663,0,False,True,False,False,False,False,True,1,1.1421817727584778,1
M0373,Élevé,-1.3965282832653263,-1.2800356944759188,-0.27360387895293364,1.6772243289057924,-0.4675268109010322,0,False,True,False,False,False,False,True,2,1.0918602891982225,1
M0374,Faible,-0.30427152540417696,0.2479973535644398,0.35687270511159874,-1.0523270379572858,-0.8003944927206181,0,False,False,False,True,False,True,False,0,-1.2219869851967418,0
M0375,Élevé,0.44368690660943566,-0.09543678426873521,-0.34777759472522984,-1.0523270379572858,0.561404178901288,1,True,False,False,False,False,False,True,2,-4.698242427938381,0
M0376,Élevé,1.2984965431964222,-0.8470100424253937,0.11580812885163119,-0.21246507892249253,0.7034277231443113,0,False,True,False,False,False,False,True,2,-1.534847670925764,0
M0377,Moyen,-1.0166128892266655,0.11361008223841455,-0.5146684552129012,1.2572933493883958,-0.43033016836119276,0,False,False,False,True,True,False,False,1,-8.870187241571678,1
M0378,Moyen,-1.2303152983734118,11.787632181828354,-0.588842170985199,-0.6323960584398892,-1.1829281461132852,0,False,False,False,True,False,True,False,1,-0.10436455047515077,0
M0379,Moyen,-1.8595501697499437,-0.9913519264422354,-1.126601610334358,1.2572933493883958,-1.1002924231980737,0,False,False,True,False,True,False,False,1,1.8776660297216137,1
M0380,Moyen,0.27747392171752266,-0.020777189087610243,0.28269898933930093,-0.21246507892249253,-0.26136019273277433,0,False,False,False,True,False,False,True,1,-14.029997917719811,0
M0381,Moyen,-0.17367560870338808,-0.8669192678070271,0.6721109971438641,0.20746590059490413,-0.788136508247262,0,False,True,False,False,False,False,True,1,0.20056789952627807,1
M0382,Faible,-0.0430796920025975,0.5764995723613899,-1.5716439049681432,-1.6822235072333809,-0.3371272174517087,0,False,True,False,False,True,False,False,0,-0.07459692450757162,0
M0383,Faible,-0.1024414723211382,0.2380427408736229,0.6350241392577144,-0.21246507892249253,0.4364995440089862,0,False,False,True,False,False,True,False,0,-0.42854876892202703,0
M0384,Faible,-1.6458477606031967,-0.02575449543301847,-0.8669936051313146,0.41743139035360244,0.4049035323061112,0,False,True,False,False,False,False,True,0,66.48682317345494,1
M0385,Faible,0.9898152855400112,-0.224846749249352,0.801914999745384,1.0473278596296975,-0.2150757341178605,0,True,False,False,False,True,False,False,0,-4.42184346593935,1
M0386,Élevé,0.8592193688392207,0.46699883276240667,0.41250299194082085,0.8373623698709991,-1.0884571278444886,0,False,False,True,False,False,False,True,2,1.8359434013277307,1
M0387,Faible,-1.24218765443712,0.5466357342889396,-2.591532496837239,1.6772243289057924,0.40913042350382023,0,False,True,False,False,False,False,True,0,-2.268273556052728,1
M0388,Faible,-0.6723145633791286,-0.7225773837901853,-1.8868821970004086,-0.4224305686811909,0.2223018325650812,0,False,False,False,True,False,True,False,0,0.9317289849741452,0
M0389,Faible,-0.9097616846532924,-1.075966134314177,0.04163441307933337,1.0473278596296975,-0.7681644473380869,0,False,True,False,False,False,False,True,0,0.8463166006933937,1
M0390,Moyen,-0.7435486997613786,-0.224846749249352,0.35687270511159874,-0.8423615481985876,0.08598459143896504,0,True,False,False,False,False,False,True,1,3.321686387025033,0
M0391,Faible,1.6784119372350832,0.4520669137261816,0.07872127096548145,-1.0523270379572858,0.47316782514911204,0,True,False,False,False,False,True,False,0,3.704556405214482,0
M0392,Moyen,0.8829640809666373,-0.20493752386771866,-0.9040804630174644,-1.2622925277159842,1.2426733676920407,0,False,True,False,False,True,False,False,1,-4.329581257146969,0
M0393,Faible,-0.9809958210355414,0.9597521609578314,0.28269898933930093,-0.4224305686811909,0.10616799690802566,0,False,True,False,False,False,True,False,0,-1.0210706370491303,0
M0394,Faible,1.8683696342544127,-0.0805048652325103,-2.4246416363495675,-0.21246507892249253,0.513640308367176,0,False,True,False,False,False,True,False,0,-23.50006667881777,0
M0395,Faible,0.4555592626731448,-0.3443021015391519,0.8946321444607576,-0.4224305686811909,-0.229130147350243,0,False,False,False,True,False,False,True,0,-1.3269923505585954,0
M0396,Faible,0.18249507320785618,0.1434739203108648,0.35687270511159874,0.6273968801123008,0.3174068845135343,0,False,False,True,False,False,False,True,0,1.263169662837287,1
M0397,Faible,-0.7198039876339619,-0.9017604122248853,-0.5517553130990492,0.20746590059490413,0.061468622492252684,0,False,False,False,True,False,True,False,0,0.7991070409677978,1
M0398,Moyen,-0.6604422073154212,-0.6528950949544686,0.7277412839730862,0.8373623698709991,7.742826857871635,0,True,False,False,False,False,False,True,1,1.0131111775914645,1
M0399,Faible,-0.11431382838484737,-0.3343474888483352,-1.4232964734235476,-0.21246507892249253,-0.8890535355925651,0,False,False,False,True,False,False,True,0,0.34292692223296545,0
M0400,Élevé,-0.05495204806630665,-0.4687347601743602,0.41250299194082085,-0.8423615481985876,0.02258122347332962,0,False,False,True,False,False,True,False,2,0.11748549123401018,0
M0401,Élevé,-0.9335063967807081,0.96472946730324,0.5793938524284923,1.2572933493883958,-1.5280538124062275,0,False,False,True,False,False,False,True,2,-0.9666334396810801,1
M0402,Moyen,-0.6248251391242972,0.5366811215981232,-0.21797359212370987,-1.6822235072333809,-0.9183247571367,0,False,True,False,False,False,False,True,1,-1.162073790627352,0
M0403,Moyen,-0.05495204806630665,0.1036554695475981,0.5423069945423425,0.41743139035360244,-0.6351230468901952,0,False,True,False,False,False,True,False,1,-0.5250757395084261,1
M0404,Moyen,0.21811214139898197,-0.3044836507758852,0.11580812885163119,-0.002499589163794205,-0.7430144447117182,0,False,True,False,False,False,False,True,1,-0.7186948649172938,0
M0405,Élevé,-0.6723145633791286,0.6063634104338397,1.8403470205575536,-1.2622925277159842,-0.161711232746784,0,False,False,False,True,True,False,False,2,-1.106939522252245,0
M0406,Faible,-0.05495204806630665,0.69595492465119,0.11580812885163119,0.8373623698709991,0.15837010319973216,0,False,True,False,False,False,False,True,0,-0.07884591402207093,1
M0407,Faible,-0.16180325263967893,-0.24973328097639358,-0.18088673423756013,0.6273968801123008,0.6035674185984355,0,False,True,False,False,False,False,True,0,0.6505090593607983,1
M0408,Moyen,-0.5061015784872157,-0.9415788629881521,0.41250299194082085,-0.6323960584398892,0.12761946973639898,0,False,False,True,False,False,False,True,1,0.5380745819434716,0
M0409,Élevé,-0.12618618444855484,0.16338314569249815,0.9131755734038316,-1.4722580174746824,0.13068396585473802,0,False,True,False,False,False,True,False,2,-0.7676345644620032,0
M0410,Moyen,0.5861551793739337,-0.224846749249352,1.691999589012958,0.8373623698709991,0.12370959537851813,0,False,False,False,True,False,True,False,1,-2.618555691961341,1
M0411,Moyen,0.6930063839473076,-0.3691886332661937,-0.03253930269296446,0.41743139035360244,0.7069149083824213,0,False,False,False,True,False,True,False,1,-1.8822047215300004,1
M0412,Moyen,0.977942929476302,-0.10539139695955188,-0.6815593157005709,1.4672588391470942,-0.27330116036630236,0,False,False,False,True,True,False,False,1,-9.36804140915196,1
M0413,Moyen,-3.4504458822868345,0.5167718962164899,0.1528949867377793,-0.002499589163794205,1.631970047001042,0,False,True,False,False,True,False,False,1,-6.6640269730749155,0
M0414,Faible,-0.3161438814678844,-0.23480136194016868,-0.47758159732675143,-1.0523270379572858,0.6607361220474501,0,True,False,False,False,False,False,True,0,1.3521900764153278,0
M0415,Moyen,1.4053477477697962,-0.17009637944986017,0.11580812885163119,-0.4224305686811909,-0.1340250954017899,0,True,False,False,False,False,True,False,1,-8.310927486099752,0
M0416,Faible,-0.06682440413001411,-0.433893615756502,-0.5702987420421233,1.2572933493883958,-1.5383040235606718,0,False,True,False,False,False,False,True,0,0.15436680444740522,1
M0417,Moyen,-0.4229950860412584,-0.5782354997733437,-1.8127084812281107,1.4672588391470942,-0.3231784764992689,0,False,False,False,True,True,False,False,1,0.7327946500299288,1
M0418,Faible,0.7879852324569725,-0.7325319964810021,1.228413865436097,-0.21246507892249253,-0.2592467471339198,0,False,False,False,True,True,False,False,0,-1.0771712464356116,0
M0419,Moyen,1.215390050750465,-0.05810698667817284,-1.1080581813912822,0.6273968801123008,0.1585814477596176,0,False,False,True,False,False,False,True,1,-21.282685735106483,1
M0420,Élevé,-0.3280162375315936,-0.0556183335054685,0.7091978550300122,-0.6323960584398892,0.16196296071778482,0,False,False,False,True,False,False,True,2,6.005606844426184,0
